,uniprot_id,pdb_chains,len_ali,histogram
0,A0QSL8,8,97,"[25, 25, 17, 2, 13, 6, 2]"
1,A0R3D3,5,76,"[25, 25, 11, 4, 4, 4, 0]"
2,A3M692,124,82,"[0, 25, 25, 25, 0, 1, 0]"
3,A5U4M0,18,74,"[25, 25, 14, 1, 4, 3, 0]"
4,A5U8S7,5,87,"[25, 25, 25, 3, 2, 3, 0]"
5,A6QF76,14,129,"[3, 25, 25, 25, 24, 6, 3]"
6,A6V1E4,18,83,"[25, 25, 21, 1, 0, 7, 2]"
7,A7ZSI4,30,125,"[25, 25, 17, 25, 8, 15, 4]"
8,A7ZSW5,9,72,"[5, 25, 25, 8, 4, 0, 4]"
9,A7ZUK1,6,148,"[18, 25, 25, 25, 25, 22, 4]"
10,A7ZUK2,9,134,"[3, 25, 25, 25, 25, 22, 4]"
11,A8A5E6,6,125,"[25, 3, 8, 25, 25, 25, 6]"
12,A9NDG0,5,124,"[25, 25, 25, 25, 7, 0, 0]"
13,A9WCM4,6,90,"[7, 25, 25, 25, 2, 1, 1]"
14,B1MDL6,24,99,"[25, 25, 25, 7, 3, 6, 0]"
15,B2I1J3,12,82,"[25, 25, 25, 1, 0, 1, 0]"
16,B2S5B9,8,87,"[25, 25, 22, 10, 0, 0, 1]"
17,B4EC22,9,115,"[25, 25, 25, 25, 7, 3, 0]"
18,B4RJH7,6,99,"[4, 25, 25, 25, 18, 1, 0]"
19,B4RMG0,16,132,"[19, 25, 25, 25, 22, 0, 0]"
20,B5BDB5,60,114,"[25, 25, 25, 18, 5, 8, 1]"
21,B5XYG3,18,74,"[1, 24, 25, 12, 2, 5, 3]"
22,B5Z9W9,8,134,"[25, 25, 25, 25, 16, 0, 0]"
23,B6JLE2,5,86,"[4, 25, 25, 25, 1, 0, 0]"
24,B7LA29,8,106,"[0, 4, 25, 25, 25, 17, 6]"
25,B7MFQ9,8,113,"[25, 25, 25, 1, 8, 23, 4]"
26,B7MGF2,9,110,"[0, 5, 22, 25, 25, 25, 4]"
27,B7MGF4,9,135,"[1, 25, 25, 25, 25, 24, 7]"
28,B7MJ81,22,132,"[0, 25, 25, 25, 25, 25, 2]"
29,B7MLA1,12,120,"[2, 25, 25, 25, 25, 12, 3]"
30,B7UHB4,8,109,"[11, 25, 15, 8, 11, 23, 16]"
31,B7V2S6,6,115,"[25, 25, 25, 25, 3, 1, 3]"
32,B8DIL5,8,106,"[25, 25, 25, 25, 2, 1, 0]"
33,B8ZUN3,5,90,"[25, 25, 18, 7, 4, 3, 0]"
34,D2YW39,7,82,"[25, 25, 21, 6, 2, 0, 0]"
35,G3I8R9,6,96,"[0, 25, 25, 25, 7, 2, 2]"
36,O08989,8,105,"[25, 23, 25, 5, 0, 0, 0]"
37,O14556,8,119,"[25, 25, 18, 25, 10, 3, 1]"
38,O14818,39,83,"[25, 25, 6, 6, 2, 2, 2]"
39,O15264,9,86,"[25, 25, 5, 8, 0, 0, 2]"
40,O16305,9,130,"[25, 25, 22, 7, 4, 15, 8]"
41,O25928,14,73,"[14, 25, 23, 6, 0, 0, 1]"
42,O26010,7,72,"[25, 25, 11, 2, 0, 0, 1]"
43,O29132,8,80,"[25, 25, 25, 3, 0, 0, 0]"
44,O29760,14,88,"[25, 25, 17, 11, 0, 0, 0]"
45,O31408,9,71,"[25, 25, 3, 11, 5, 0, 1]"
46,O31662,6,76,"[25, 25, 14, 6, 3, 1, 0]"
47,O31675,6,112,"[25, 25, 25, 25, 9, 2, 1]"
48,O31796,8,88,"[0, 25, 25, 15, 11, 5, 1]"
49,O34153,20,95,"[9, 25, 25, 25, 7, 1, 0]"
50,O42187,14,124,"[22, 25, 25, 25, 6, 4, 2]"
51,O54438,76,83,"[25, 25, 2, 4, 0, 0, 0]"
52,O57978,21,80,"[25, 25, 25, 0, 2, 2, 0]"
53,O58429,12,94,"[15, 25, 25, 11, 0, 3, 0]"
54,O58441,6,75,"[25, 25, 17, 0, 1, 3, 2]"
55,O59521,5,90,"[25, 25, 25, 6, 0, 4, 0]"
56,O60218,19,80,"[25, 25, 15, 1, 7, 2, 1]"
57,O60259,5,102,"[25, 25, 3, 0, 2, 0, 0]"
58,O60911,8,76,"[25, 25, 15, 2, 4, 2, 0]"
59,O66529,85,94,"[25, 25, 25, 8, 0, 0, 1]"
60,O66610,24,79,"[25, 25, 25, 3, 0, 0, 0]"
61,O66766,24,77,"[25, 25, 25, 1, 0, 0, 0]"
62,O67086,5,104,"[23, 25, 25, 25, 1, 0, 0]"
63,O70370,28,71,"[25, 25, 12, 0, 4, 1, 0]"
64,O74237,30,73,"[25, 25, 12, 3, 3, 1, 0]"
65,O81235,8,84,"[25, 25, 15, 2, 8, 0, 0]"
66,O86436,14,85,"[25, 25, 25, 0, 5, 2, 2]"
67,O94788,20,100,"[25, 25, 16, 7, 12, 0, 1]"
68,P00004,59,115,"[16, 16, 22, 25, 8, 23, 2]"
69,P00044,97,112,"[15, 25, 25, 25, 9, 8, 1]"
70,P00163,11,78,"[0, 23, 25, 18, 5, 6, 0]"
71,P00178,51,89,"[25, 25, 25, 1, 8, 0, 0]"
72,P00318,6,72,"[25, 25, 5, 1, 0, 7, 5]"
73,P00325,18,104,"[21, 22, 25, 18, 8, 6, 4]"
74,P00327,126,95,"[14, 21, 25, 16, 9, 10, 0]"
75,P00336,5,105,"[25, 22, 1, 11, 25, 7, 2]"
76,P00338,108,105,"[25, 23, 4, 6, 25, 7, 4]"
77,P00343,23,105,"[25, 25, 25, 16, 2, 1, 0]"
78,P00344,10,104,"[25, 25, 25, 15, 2, 1, 1]"
79,P00352,17,100,"[25, 25, 15, 8, 4, 6, 3]"
80,P00355,6,136,"[25, 25, 18, 25, 25, 3, 3]"
81,P00357,6,128,"[25, 25, 18, 25, 25, 0, 0]"
82,P00361,12,81,"[10, 25, 25, 6, 0, 0, 0]"
83,P00362,44,85,"[0, 25, 25, 17, 1, 3, 0]"
84,P00396,78,121,"[16, 25, 18, 24, 16, 12, 10]"
85,P00415,78,91,"[0, 21, 14, 18, 9, 21, 8]"
86,P00433,40,71,"[25, 25, 9, 4, 3, 3, 2]"
87,P00441,410,71,"[3, 4, 25, 20, 4, 9, 3]"
88,P00445,21,71,"[5, 13, 25, 12, 10, 1, 0]"
89,P00448,42,92,"[25, 25, 25, 7, 4, 1, 0]"
90,P00459,76,100,"[25, 14, 4, 23, 25, 5, 4]"
91,P00469,51,99,"[15, 25, 25, 11, 11, 0, 1]"
92,P00512,30,102,"[21, 25, 25, 20, 3, 5, 1]"
93,P00517,99,103,"[25, 25, 7, 0, 2, 2, 1]"
94,P00558,29,94,"[25, 25, 8, 25, 4, 5, 1]"
95,P00592,42,96,"[25, 25, 25, 1, 5, 3, 0]"
96,P00593,33,93,"[25, 25, 25, 1, 6, 1, 0]"
97,P00669,42,91,"[25, 8, 4, 22, 25, 4, 0]"
98,P00698,866,95,"[20, 25, 24, 10, 4, 3, 5]"
99,P00703,15,97,"[25, 25, 25, 5, 4, 4, 6]"
100,P00746,65,79,"[25, 9, 1, 2, 0, 2, 0]"
101,P00752,10,118,"[25, 25, 22, 10, 0, 0, 0]"
102,P00760,515,117,"[25, 25, 0, 5, 15, 2, 0]"
103,P00761,58,116,"[25, 25, 0, 3, 14, 5, 0]"
104,P00763,40,115,"[25, 25, 1, 7, 10, 5, 0]"
105,P00766,148,102,"[25, 25, 1, 2, 3, 2, 0]"
106,P00767,9,101,"[25, 25, 1, 2, 1, 4, 0]"
107,P00772,118,94,"[25, 4, 13, 1, 0, 7, 0]"
108,P00791,9,90,"[25, 25, 20, 2, 5, 7, 0]"
109,P00794,6,75,"[25, 25, 19, 0, 0, 2, 1]"
110,P00825,11,127,"[0, 0, 24, 25, 25, 25, 24]"
111,P00829,129,91,"[0, 3, 17, 25, 25, 14, 3]"
112,P00830,76,80,"[0, 4, 19, 25, 25, 2, 1]"
113,P00847,7,86,"[25, 8, 20, 2, 16, 12, 2]"
114,P00870,28,94,"[25, 14, 1, 25, 25, 0, 0]"
115,P00875,49,139,"[25, 0, 25, 7, 24, 25, 25]"
116,P00876,9,136,"[25, 0, 25, 4, 25, 25, 25]"
117,P00877,111,126,"[25, 0, 25, 2, 25, 25, 18]"
118,P00880,12,116,"[25, 0, 25, 8, 25, 25, 0]"
119,P00924,42,118,"[16, 25, 25, 25, 19, 2, 1]"
120,P00929,61,87,"[25, 19, 13, 14, 8, 4, 2]"
121,P00939,12,108,"[25, 25, 24, 15, 2, 7, 2]"
122,P00940,34,112,"[25, 25, 22, 21, 3, 8, 0]"
123,P00942,16,93,"[25, 25, 25, 3, 1, 4, 0]"
124,P00950,23,94,"[20, 25, 25, 21, 1, 0, 0]"
125,P00952,9,87,"[25, 25, 25, 6, 4, 0, 0]"
126,P00953,48,84,"[25, 25, 25, 5, 4, 0, 0]"
127,P00957,13,114,"[25, 25, 25, 25, 4, 4, 4]"
128,P00959,15,102,"[25, 7, 25, 25, 9, 8, 3]"
129,P00962,19,99,"[25, 12, 22, 9, 11, 15, 4]"
130,P00968,40,79,"[3, 25, 25, 14, 6, 2, 2]"
131,P01009,35,81,"[25, 25, 1, 19, 5, 0, 1]"
132,P01011,26,76,"[25, 25, 9, 9, 0, 0, 1]"
133,P01112,184,128,"[25, 14, 25, 14, 8, 5, 4]"
134,P01116,187,124,"[25, 14, 25, 14, 8, 5, 1]"
135,P01123,7,116,"[25, 25, 25, 14, 4, 0, 0]"
136,P01631,23,80,"[4, 25, 25, 16, 5, 0, 0]"
137,P01654,6,74,"[1, 25, 25, 6, 3, 6, 1]"
138,P01660,14,71,"[3, 11, 25, 18, 2, 6, 1]"
139,P01958,22,171,"[25, 25, 25, 25, 19, 25, 2]"
140,P01965,8,172,"[25, 25, 25, 25, 24, 25, 0]"
141,P01966,22,169,"[25, 25, 25, 25, 17, 25, 3]"
142,P01981,6,156,"[25, 25, 25, 25, 12, 18, 5]"
143,P01990,6,163,"[25, 25, 25, 25, 14, 23, 3]"
144,P02008,5,131,"[25, 25, 25, 25, 3, 3, 0]"
145,P02062,22,173,"[25, 25, 21, 25, 25, 25, 1]"
146,P02067,8,172,"[25, 25, 23, 25, 25, 25, 0]"
147,P02070,22,172,"[25, 25, 23, 25, 25, 25, 1]"
148,P02077,7,170,"[25, 25, 19, 25, 25, 25, 2]"
149,P02089,8,174,"[25, 25, 25, 25, 25, 25, 2]"
150,P02118,6,163,"[25, 25, 25, 25, 25, 8, 9]"
151,P02123,6,164,"[25, 25, 25, 25, 25, 5, 10]"
152,P02263,17,97,"[0, 5, 8, 25, 25, 9, 19]"
153,P02358,104,118,"[25, 3, 25, 25, 18, 18, 4]"
154,P02359,105,120,"[7, 25, 25, 25, 15, 18, 3]"
155,P02413,107,140,"[25, 25, 25, 25, 25, 9, 2]"
156,P02417,7,100,"[25, 25, 25, 11, 8, 2, 0]"
157,P02550,41,112,"[25, 25, 2, 3, 22, 19, 8]"
158,P02554,149,112,"[25, 25, 2, 2, 15, 25, 10]"
159,P02557,5,100,"[25, 25, 1, 6, 25, 7, 0]"
160,P02588,33,94,"[25, 25, 20, 1, 0, 2, 1]"
161,P02605,57,82,"[25, 25, 1, 6, 7, 2, 1]"
162,P02607,14,83,"[25, 25, 3, 5, 7, 1, 0]"
163,P02699,63,93,"[9, 25, 4, 7, 25, 17, 6]"
164,P02829,62,76,"[25, 16, 2, 22, 4, 2, 0]"
165,P02994,7,123,"[25, 16, 25, 7, 23, 19, 2]"
166,P04036,8,120,"[25, 25, 25, 25, 12, 3, 4]"
167,P04040,24,71,"[8, 25, 25, 5, 1, 4, 2]"
168,P04084,5,123,"[25, 25, 25, 17, 10, 2, 2]"
169,P04179,66,85,"[17, 25, 25, 4, 1, 1, 4]"
170,P04257,5,101,"[3, 11, 25, 25, 25, 7, 0]"
171,P04391,15,116,"[25, 25, 25, 24, 3, 3, 2]"
172,P04406,22,133,"[25, 25, 15, 25, 25, 4, 3]"
173,P04642,56,102,"[25, 25, 3, 4, 25, 7, 4]"
174,P04695,22,94,"[25, 25, 22, 12, 2, 0, 1]"
175,P04717,8,134,"[25, 0, 25, 3, 25, 23, 25]"
176,P04766,5,89,"[4, 25, 25, 25, 7, 1, 1]"
177,P04789,128,87,"[25, 25, 25, 2, 1, 0, 0]"
178,P04818,123,109,"[25, 25, 25, 19, 5, 1, 0]"
179,P04908,110,96,"[0, 5, 9, 24, 25, 15, 12]"
180,P04911,9,95,"[0, 4, 25, 21, 25, 14, 0]"
181,P04951,9,114,"[25, 25, 25, 22, 10, 2, 3]"
182,P05042,13,75,"[5, 11, 25, 25, 4, 2, 1]"
183,P05055,17,128,"[16, 25, 25, 25, 25, 7, 2]"
184,P05091,220,98,"[25, 25, 10, 20, 2, 0, 3]"
185,P05132,82,106,"[25, 25, 7, 0, 2, 2, 1]"
186,P05181,14,90,"[25, 25, 25, 0, 7, 0, 1]"
187,P05310,10,86,"[2, 25, 1, 7, 21, 25, 4]"
188,P05311,9,85,"[3, 25, 0, 4, 25, 25, 2]"
189,P05654,15,88,"[25, 25, 25, 6, 3, 0, 0]"
190,P05793,6,73,"[25, 7, 0, 9, 20, 7, 5]"
191,P05852,8,139,"[25, 25, 25, 25, 25, 9, 4]"
192,P06312,15,71,"[2, 13, 25, 25, 0, 0, 0]"
193,P06367,10,93,"[25, 7, 21, 20, 5, 11, 2]"
194,P06450,11,138,"[2, 22, 25, 25, 25, 19, 17]"
195,P06493,9,139,"[25, 25, 25, 24, 1, 4, 1]"
196,P06539,12,81,"[25, 18, 12, 5, 20, 1, 0]"
197,P06633,24,72,"[25, 25, 3, 4, 6, 7, 0]"
198,P06704,12,77,"[25, 25, 11, 2, 0, 0, 0]"
199,P06733,7,119,"[15, 25, 25, 25, 12, 7, 6]"
200,P06744,14,106,"[25, 25, 25, 25, 0, 3, 2]"
201,P06745,24,107,"[25, 25, 25, 25, 0, 4, 1]"
202,P06787,5,102,"[25, 25, 22, 8, 0, 0, 1]"
203,P06897,101,98,"[0, 4, 15, 18, 25, 17, 12]"
204,P06968,10,128,"[25, 25, 15, 25, 23, 9, 2]"
205,P06983,5,123,"[25, 25, 25, 25, 14, 7, 1]"
206,P06988,8,79,"[25, 25, 16, 9, 3, 0, 1]"
207,P06992,5,114,"[25, 25, 25, 25, 6, 3, 3]"
208,P07012,5,101,"[25, 25, 24, 14, 7, 5, 1]"
209,P07097,88,73,"[25, 25, 13, 3, 1, 1, 0]"
210,P07170,5,113,"[25, 25, 25, 13, 16, 3, 1]"
211,P07195,6,107,"[25, 25, 1, 11, 25, 7, 3]"
212,P07251,70,107,"[1, 25, 25, 25, 25, 3, 0]"
213,P07288,5,115,"[25, 25, 25, 2, 1, 1, 0]"
214,P07338,5,101,"[25, 25, 1, 2, 1, 3, 1]"
215,P07405,12,176,"[25, 25, 25, 25, 25, 25, 1]"
216,P07412,12,172,"[25, 25, 21, 25, 25, 25, 3]"
217,P07437,8,118,"[25, 25, 2, 2, 18, 25, 12]"
218,P07463,10,128,"[25, 25, 20, 9, 5, 19, 1]"
219,P07477,9,113,"[25, 25, 0, 10, 8, 4, 0]"
220,P07511,14,88,"[25, 25, 25, 8, 0, 0, 3]"
221,P07560,12,97,"[25, 25, 25, 4, 0, 0, 1]"
222,P07607,20,110,"[25, 25, 25, 18, 6, 1, 0]"
223,P07649,11,106,"[25, 25, 15, 20, 14, 3, 4]"
224,P07711,70,74,"[25, 25, 11, 2, 5, 1, 0]"
225,P07738,16,76,"[25, 25, 22, 0, 0, 0, 2]"
226,P07741,10,71,"[25, 25, 15, 0, 0, 5, 0]"
227,P07762,17,72,"[5, 25, 25, 8, 4, 0, 4]"
228,P07813,26,124,"[25, 25, 25, 15, 24, 8, 2]"
229,P07830,12,132,"[25, 25, 8, 12, 7, 25, 18]"
230,P07862,8,89,"[25, 25, 25, 4, 4, 0, 1]"
231,P07900,312,76,"[25, 22, 0, 16, 4, 5, 2]"
232,P07954,7,73,"[3, 11, 25, 25, 4, 1, 2]"
233,P07998,24,91,"[25, 7, 6, 20, 25, 4, 2]"
234,P08100,13,91,"[11, 25, 2, 7, 25, 15, 6]"
235,P08134,5,112,"[25, 25, 25, 3, 4, 4, 4]"
236,P08164,14,73,"[25, 13, 25, 3, 2, 3, 0]"
237,P08228,24,75,"[6, 5, 25, 21, 3, 11, 0]"
238,P08238,32,80,"[25, 25, 0, 14, 6, 4, 3]"
239,P08244,22,113,"[25, 25, 25, 25, 8, 3, 1]"
240,P08308,13,118,"[25, 25, 25, 21, 9, 2, 2]"
241,P08311,5,89,"[25, 14, 18, 0, 1, 0, 0]"
242,P08622,5,135,"[25, 25, 25, 25, 21, 9, 4]"
243,P08754,16,101,"[25, 25, 18, 13, 6, 5, 3]"
244,P08879,9,126,"[25, 25, 25, 25, 11, 0, 0]"
245,P09041,5,93,"[25, 25, 9, 25, 1, 6, 0]"
246,P09104,36,113,"[12, 25, 25, 25, 9, 12, 1]"
247,P09446,7,127,"[0, 25, 25, 25, 25, 19, 0]"
248,P09527,11,96,"[25, 25, 4, 17, 3, 0, 0]"
249,P09733,5,108,"[25, 25, 2, 18, 25, 1, 2]"
250,P09860,8,85,"[25, 25, 13, 4, 0, 0, 0]"
251,P0A0F8,7,126,"[15, 25, 25, 25, 22, 10, 1]"
252,P0A0G2,7,85,"[0, 25, 25, 23, 7, 1, 2]"
253,P0A0K6,6,87,"[25, 25, 25, 1, 0, 1, 1]"
254,P0A2K1,61,103,"[19, 8, 25, 5, 22, 15, 7]"
255,P0A3C7,13,73,"[2, 7, 6, 25, 25, 6, 1]"
256,P0A553,10,81,"[25, 25, 11, 6, 1, 4, 3]"
257,P0A5R1,11,87,"[25, 25, 25, 3, 2, 3, 0]"
258,P0A6A8,25,132,"[0, 25, 25, 25, 25, 25, 2]"
259,P0A6B4,19,83,"[25, 25, 22, 3, 3, 0, 2]"
260,P0A6C1,8,92,"[25, 19, 7, 25, 6, 9, 1]"
261,P0A6D3,20,138,"[25, 25, 25, 24, 24, 11, 1]"
262,P0A6E6,9,104,"[25, 22, 25, 18, 7, 6, 1]"
263,P0A6F1,37,98,"[25, 25, 19, 15, 6, 6, 1]"
264,P0A6F3,19,104,"[8, 20, 25, 25, 21, 1, 1]"
265,P0A6F4,7,104,"[8, 20, 25, 25, 21, 1, 1]"
266,P0A6F5,535,111,"[0, 0, 25, 25, 25, 25, 6]"
267,P0A6F9,106,135,"[25, 25, 25, 11, 12, 25, 9]"
268,P0A6G7,61,132,"[8, 25, 25, 25, 25, 6, 1]"
269,P0A6H0,38,132,"[8, 25, 25, 25, 25, 6, 1]"
270,P0A6H1,52,144,"[25, 25, 25, 25, 25, 15, 4]"
271,P0A6H5,54,112,"[0, 19, 25, 25, 25, 12, 5]"
272,P0A6I0,12,109,"[25, 25, 17, 25, 8, 6, 2]"
273,P0A6I5,9,74,"[0, 22, 25, 16, 2, 5, 3]"
274,P0A6I6,49,116,"[25, 25, 25, 25, 7, 2, 1]"
275,P0A6I9,11,75,"[25, 25, 20, 4, 0, 1, 0]"
276,P0A6K1,5,118,"[25, 25, 25, 15, 17, 8, 2]"
277,P0A6K3,51,108,"[25, 25, 25, 14, 5, 5, 4]"
278,P0A6L2,38,101,"[25, 25, 25, 10, 5, 3, 2]"
279,P0A6M8,12,148,"[25, 25, 25, 25, 25, 18, 1]"
280,P0A6P1,9,117,"[25, 25, 25, 18, 18, 1, 5]"
281,P0A6P9,10,127,"[4, 25, 25, 25, 18, 24, 1]"
282,P0A6R0,22,107,"[25, 25, 25, 16, 7, 4, 2]"
283,P0A6T1,6,130,"[25, 25, 25, 25, 18, 8, 3]"
284,P0A6T5,84,83,"[25, 25, 2, 13, 8, 7, 1]"
285,P0A6T8,21,83,"[25, 25, 2, 13, 8, 7, 1]"
286,P0A6T9,9,117,"[24, 25, 25, 25, 14, 1, 2]"
287,P0A6U8,7,75,"[25, 25, 15, 0, 5, 1, 4]"
288,P0A6V1,40,86,"[25, 25, 25, 4, 1, 3, 3]"
289,P0A6X7,6,138,"[25, 25, 22, 19, 24, 16, 3]"
290,P0A6Y1,6,131,"[25, 25, 18, 24, 22, 5, 8]"
291,P0A6Y8,76,138,"[0, 25, 25, 25, 25, 25, 2]"
292,P0A6Z3,20,124,"[25, 25, 25, 25, 10, 5, 4]"
293,P0A715,12,82,"[0, 25, 3, 18, 16, 12, 6]"
294,P0A722,7,92,"[15, 25, 25, 9, 7, 5, 4]"
295,P0A725,5,108,"[22, 25, 25, 16, 12, 4, 3]"
296,P0A731,19,79,"[0, 25, 25, 16, 8, 3, 1]"
297,P0A733,8,79,"[0, 25, 25, 16, 8, 3, 1]"
298,P0A734,8,85,"[8, 25, 25, 13, 5, 6, 3]"
299,P0A749,32,119,"[14, 25, 25, 25, 16, 9, 3]"
300,P0A759,18,99,"[25, 25, 9, 14, 17, 6, 1]"
301,P0A763,6,130,"[21, 25, 25, 25, 12, 4, 2]"
302,P0A776,7,127,"[25, 25, 25, 21, 20, 8, 3]"
303,P0A780,8,104,"[25, 25, 25, 18, 2, 7, 1]"
304,P0A784,5,82,"[2, 21, 18, 25, 8, 5, 3]"
305,P0A786,123,109,"[25, 25, 20, 12, 9, 7, 4]"
306,P0A789,6,109,"[25, 25, 20, 12, 9, 7, 4]"
307,P0A790,35,84,"[19, 25, 25, 2, 5, 4, 1]"
308,P0A793,8,84,"[19, 25, 25, 2, 5, 4, 1]"
309,P0A794,30,109,"[23, 25, 25, 25, 8, 2, 1]"
310,P0A796,6,108,"[25, 25, 25, 3, 21, 5, 3]"
311,P0A7A9,27,89,"[20, 25, 21, 12, 1, 5, 2]"
312,P0A7B5,11,77,"[25, 25, 4, 13, 2, 6, 2]"
313,P0A7B8,47,106,"[0, 4, 25, 25, 25, 17, 6]"
314,P0A7C2,10,115,"[25, 12, 25, 25, 17, 7, 4]"
315,P0A7D4,29,136,"[25, 25, 25, 25, 25, 7, 3]"
316,P0A7E5,5,120,"[2, 25, 25, 25, 25, 12, 3]"
317,P0A7E9,5,117,"[21, 25, 25, 15, 9, 15, 3]"
318,P0A7F3,118,79,"[25, 25, 7, 10, 7, 2, 3]"
319,P0A7G6,30,112,"[0, 7, 25, 25, 25, 24, 4]"
320,P0A7J3,24,112,"[25, 25, 18, 7, 20, 11, 5]"
321,P0A7J7,105,143,"[25, 24, 25, 25, 25, 10, 3]"
322,P0A7K2,22,120,"[11, 25, 25, 25, 25, 4, 3]"
323,P0A7K6,105,122,"[3, 25, 25, 25, 25, 9, 6]"
324,P0A7L0,37,155,"[25, 25, 25, 25, 17, 24, 11]"
325,P0A7L3,105,135,"[6, 25, 25, 25, 25, 17, 8]"
326,P0A7L8,104,111,"[2, 5, 25, 25, 25, 20, 5]"
327,P0A7M2,90,129,"[6, 25, 25, 22, 25, 22, 4]"
328,P0A7M6,109,100,"[3, 25, 25, 20, 19, 3, 5]"
329,P0A7M9,16,103,"[7, 25, 25, 25, 8, 11, 1]"
330,P0A7N9,102,114,"[0, 11, 25, 25, 25, 25, 2]"
331,P0A7P5,101,84,"[0, 0, 1, 25, 25, 25, 6]"
332,P0A7Q1,98,79,"[0, 19, 25, 25, 5, 3, 1]"
333,P0A7R1,104,135,"[25, 25, 25, 20, 25, 8, 3]"
334,P0A7R5,111,154,"[25, 25, 25, 25, 25, 16, 11]"
335,P0A7R9,101,133,"[7, 25, 25, 25, 25, 19, 3]"
336,P0A7S3,108,107,"[0, 4, 19, 25, 25, 25, 8]"
337,P0A7S9,101,134,"[11, 25, 25, 25, 25, 21, 0]"
338,P0A7T3,100,131,"[25, 25, 25, 25, 25, 3, 1]"
339,P0A7T7,100,123,"[4, 25, 25, 25, 14, 22, 8]"
340,P0A7U3,101,123,"[4, 25, 25, 25, 25, 14, 3]"
341,P0A7U7,100,104,"[6, 25, 25, 18, 21, 8, 1]"
342,P0A7V0,112,138,"[23, 25, 25, 17, 25, 17, 4]"
343,P0A7V3,101,133,"[25, 25, 25, 25, 17, 13, 2]"
344,P0A7V8,102,146,"[25, 25, 25, 25, 25, 17, 2]"
345,P0A7W1,103,142,"[25, 25, 25, 25, 21, 17, 2]"
346,P0A7W7,104,133,"[25, 25, 25, 25, 20, 7, 4]"
347,P0A7X3,102,132,"[17, 25, 25, 25, 18, 15, 5]"
348,P0A7Y4,49,102,"[4, 20, 25, 25, 16, 8, 2]"
349,P0A7Y7,17,102,"[4, 20, 25, 25, 16, 8, 2]"
350,P0A7Z0,5,122,"[25, 25, 15, 25, 22, 6, 2]"
351,P0A7Z4,166,125,"[25, 25, 17, 25, 8, 15, 4]"
352,P0A7Z6,13,125,"[25, 25, 17, 25, 8, 15, 4]"
353,P0A805,9,118,"[25, 25, 25, 25, 9, 5, 2]"
354,P0A809,9,106,"[25, 25, 22, 21, 6, 2, 3]"
355,P0A817,16,120,"[0, 12, 25, 25, 25, 23, 8]"
356,P0A825,6,148,"[25, 25, 25, 25, 25, 17, 3]"
357,P0A836,18,105,"[3, 25, 25, 17, 25, 2, 7]"
358,P0A850,18,102,"[25, 25, 15, 25, 2, 7, 3]"
359,P0A855,14,76,"[25, 25, 11, 4, 1, 7, 3]"
360,P0A858,6,108,"[25, 25, 25, 5, 5, 7, 2]"
361,P0A870,24,88,"[0, 7, 25, 25, 25, 4, 2]"
362,P0A877,6,90,"[25, 22, 12, 16, 7, 6, 0]"
363,P0A884,116,141,"[25, 25, 25, 25, 20, 10, 2]"
364,P0A886,5,141,"[25, 25, 25, 25, 20, 10, 2]"
365,P0A894,9,91,"[25, 25, 25, 9, 1, 0, 6]"
366,P0A8G6,18,72,"[3, 11, 25, 19, 7, 4, 3]"
367,P0A8M3,33,135,"[25, 25, 25, 24, 24, 9, 2]"
368,P0A8N5,5,109,"[21, 25, 25, 25, 1, 10, 1]"
369,P0A8P1,14,87,"[25, 25, 25, 6, 1, 5, 0]"
370,P0A8Q6,27,85,"[5, 21, 25, 23, 2, 6, 2]"
371,P0A8R0,16,78,"[6, 25, 15, 21, 0, 6, 4]"
372,P0A8T7,90,134,"[3, 25, 25, 25, 25, 22, 4]"
373,P0A8T8,6,134,"[3, 25, 25, 25, 25, 22, 4]"
374,P0A8V2,88,148,"[18, 25, 25, 25, 25, 22, 4]"
375,P0A993,6,104,"[25, 25, 19, 12, 11, 7, 1]"
376,P0A9B2,20,127,"[25, 25, 25, 25, 8, 4, 3]"
377,P0A9B7,15,99,"[25, 25, 2, 19, 2, 8, 4]"
378,P0A9M0,12,89,"[23, 25, 25, 7, 4, 1, 2]"
379,P0A9M1,10,89,"[23, 25, 25, 7, 4, 1, 2]"
380,P0AA10,103,117,"[7, 25, 25, 25, 25, 3, 4]"
381,P0AA25,89,95,"[25, 25, 24, 5, 2, 0, 0]"
382,P0AA27,17,95,"[25, 25, 24, 5, 2, 0, 0]"
383,P0AAB5,12,71,"[7, 3, 1, 13, 25, 17, 5]"
384,P0ABA2,6,110,"[25, 25, 25, 17, 9, 3, 6]"
385,P0ABA6,5,119,"[25, 20, 25, 25, 16, 4, 4]"
386,P0ABB4,12,110,"[0, 5, 22, 25, 25, 25, 4]"
387,P0ABP8,101,78,"[1, 8, 25, 11, 8, 16, 5]"
388,P0ABP9,24,78,"[1, 8, 25, 11, 8, 16, 5]"
389,P0ACC7,13,120,"[25, 25, 25, 25, 6, 7, 4]"
390,P0ACF2,10,84,"[25, 23, 19, 8, 3, 2, 1]"
391,P0ADY3,105,152,"[25, 21, 25, 25, 25, 25, 2]"
392,P0ADY7,100,134,"[3, 25, 25, 25, 25, 25, 4]"
393,P0ADZ0,106,109,"[25, 25, 25, 7, 19, 2, 4]"
394,P0ADZ4,91,139,"[23, 25, 25, 25, 25, 10, 2]"
395,P0AEK2,8,88,"[25, 25, 10, 1, 2, 1, 0]"
396,P0AEK3,8,88,"[25, 25, 10, 1, 2, 1, 0]"
397,P0AFI7,7,100,"[25, 25, 16, 20, 7, 2, 5]"
398,P0AG44,101,138,"[12, 25, 25, 25, 25, 12, 10]"
399,P0AG48,97,121,"[25, 25, 25, 18, 14, 8, 2]"
400,P0AG51,102,99,"[0, 25, 25, 16, 19, 13, 1]"
401,P0AG55,105,130,"[25, 25, 25, 25, 16, 9, 2]"
402,P0AG59,101,121,"[9, 25, 25, 25, 23, 9, 5]"
403,P0AG63,99,117,"[3, 25, 25, 25, 18, 13, 5]"
404,P0AG86,29,108,"[25, 25, 25, 12, 9, 6, 5]"
405,P0AGD3,16,90,"[25, 25, 23, 5, 3, 0, 1]"
406,P0AGJ9,8,96,"[25, 25, 25, 7, 1, 6, 5]"
407,P0C018,104,132,"[25, 25, 25, 25, 13, 9, 6]"
408,P0C0S5,17,90,"[0, 8, 25, 25, 16, 7, 2]"
409,P0C0S8,6,96,"[0, 6, 7, 25, 25, 13, 14]"
410,P0C1V0,5,100,"[25, 25, 25, 18, 0, 2, 3]"
411,P0C512,12,133,"[25, 0, 25, 1, 25, 25, 25]"
412,P0CE47,24,125,"[25, 3, 8, 25, 25, 25, 6]"
413,P0CE48,35,122,"[25, 3, 8, 25, 25, 25, 5]"
414,P0CH25,5,173,"[25, 25, 25, 25, 21, 25, 1]"
415,P0CS12,8,92,"[25, 25, 24, 8, 1, 0, 0]"
416,P0CS13,8,92,"[25, 25, 24, 8, 1, 0, 0]"
417,P0DJD7,5,93,"[25, 25, 25, 1, 3, 7, 1]"
418,P0DMV8,37,129,"[0, 25, 25, 25, 25, 19, 3]"
419,P0DOY6,114,80,"[0, 4, 25, 25, 25, 0, 0]"
420,P0DOY9,117,80,"[25, 25, 25, 3, 0, 0, 0]"
421,P0DP23,61,129,"[25, 25, 22, 7, 4, 15, 8]"
422,P0DP25,169,129,"[25, 25, 22, 7, 4, 15, 8]"
423,P0DP28,35,129,"[25, 25, 22, 7, 4, 15, 8]"
424,P0DP29,11,129,"[25, 25, 22, 7, 4, 15, 8]"
425,P0DP31,41,129,"[25, 25, 22, 7, 4, 15, 8]"
426,P0DP33,8,129,"[25, 25, 22, 7, 4, 15, 8]"
427,P0DP35,22,129,"[25, 25, 22, 7, 4, 15, 8]"
428,P10081,9,120,"[25, 25, 16, 25, 13, 4, 0]"
429,P10096,8,137,"[25, 25, 18, 25, 25, 3, 4]"
430,P10372,15,94,"[25, 18, 15, 22, 6, 3, 3]"
431,P10408,12,131,"[25, 25, 25, 25, 18, 8, 4]"
432,P10599,58,74,"[25, 25, 8, 3, 1, 2, 2]"
433,P10632,7,114,"[25, 25, 25, 13, 21, 0, 1]"
434,P10760,36,92,"[1, 25, 25, 25, 10, 2, 0]"
435,P10824,37,103,"[25, 25, 19, 12, 6, 7, 2]"
436,P10987,22,136,"[25, 25, 9, 9, 9, 25, 22]"
437,P11021,33,97,"[0, 25, 25, 25, 6, 3, 2]"
438,P11076,45,94,"[25, 24, 13, 5, 17, 1, 0]"
439,P11142,65,129,"[0, 25, 25, 25, 25, 17, 5]"
440,P11233,9,96,"[25, 25, 18, 0, 2, 2, 0]"
441,P11342,5,161,"[25, 25, 25, 25, 25, 11, 2]"
442,P11488,6,94,"[25, 25, 22, 12, 2, 0, 1]"
443,P11509,52,89,"[25, 25, 25, 3, 2, 3, 2]"
444,P11712,14,112,"[25, 25, 23, 9, 24, 1, 1]"
445,P11766,18,81,"[12, 7, 24, 25, 4, 4, 4]"
446,P11802,10,81,"[25, 25, 0, 1, 1, 0, 1]"
447,P11884,20,96,"[25, 25, 11, 19, 2, 0, 1]"
448,P11941,7,92,"[17, 25, 17, 25, 4, 0, 0]"
449,P11998,40,125,"[25, 25, 25, 25, 13, 0, 1]"
450,P12010,12,91,"[25, 25, 25, 8, 0, 0, 0]"
451,P12295,22,98,"[13, 25, 25, 15, 14, 1, 3]"
452,P12544,7,88,"[25, 24, 1, 1, 0, 0, 0]"
453,P13100,6,93,"[25, 25, 16, 18, 0, 0, 0]"
454,P13444,10,85,"[2, 25, 25, 25, 5, 1, 0]"
455,P13491,52,107,"[25, 25, 3, 6, 25, 9, 3]"
456,P13551,17,109,"[25, 25, 25, 25, 4, 0, 0]"
457,P13714,16,103,"[25, 25, 25, 11, 3, 3, 0]"
458,P13738,12,96,"[25, 25, 25, 15, 2, 2, 2]"
459,P14122,43,72,"[25, 25, 12, 0, 2, 3, 0]"
460,P14193,6,93,"[20, 25, 25, 10, 8, 3, 0]"
461,P14420,6,118,"[24, 25, 25, 21, 2, 0, 3]"
462,P14421,14,118,"[18, 25, 25, 22, 10, 2, 0]"
463,P14555,34,82,"[25, 25, 14, 3, 1, 0, 0]"
464,P14611,16,79,"[25, 25, 11, 9, 1, 0, 0]"
465,P14900,22,74,"[25, 25, 18, 1, 2, 2, 1]"
466,P14949,5,78,"[25, 25, 14, 4, 0, 0, 0]"
467,P15121,145,79,"[25, 25, 11, 4, 4, 4, 0]"
468,P15153,6,118,"[25, 22, 25, 25, 9, 3, 1]"
469,P15167,6,82,"[16, 3, 11, 25, 23, 2, 0]"
470,P15266,6,122,"[22, 25, 25, 25, 8, 0, 0]"
471,P15445,9,125,"[25, 25, 25, 16, 7, 7, 6]"
472,P15531,26,124,"[25, 25, 25, 25, 2, 6, 3]"
473,P16304,28,108,"[25, 25, 25, 16, 9, 2, 0]"
474,P16474,5,93,"[0, 25, 25, 25, 6, 1, 1]"
475,P17169,23,71,"[15, 25, 14, 7, 6, 3, 0]"
476,P17202,16,74,"[25, 25, 0, 0, 5, 3, 0]"
477,P17612,46,105,"[25, 25, 7, 0, 2, 2, 1]"
478,P17846,19,92,"[7, 23, 22, 15, 14, 7, 4]"
479,P17893,14,72,"[25, 25, 5, 6, 6, 2, 1]"
480,P18314,31,74,"[0, 2, 17, 25, 25, 1, 3]"
481,P18316,31,88,"[0, 5, 17, 25, 25, 14, 1]"
482,P18654,9,90,"[25, 25, 5, 0, 4, 4, 0]"
483,P18669,18,98,"[16, 25, 25, 25, 2, 1, 1]"
484,P18843,5,92,"[18, 15, 25, 25, 4, 4, 0]"
485,P19120,39,129,"[0, 25, 25, 25, 25, 17, 4]"
486,P19483,130,106,"[1, 25, 25, 25, 25, 2, 1]"
487,P19624,8,76,"[25, 10, 15, 18, 5, 1, 2]"
488,P19669,20,71,"[7, 1, 25, 25, 7, 0, 2]"
489,P19866,31,88,"[9, 25, 25, 3, 5, 7, 0]"
490,P20000,8,102,"[25, 25, 11, 19, 2, 0, 3]"
491,P20231,40,109,"[25, 25, 2, 0, 8, 1, 0]"
492,P20276,66,84,"[25, 25, 17, 9, 0, 4, 0]"
493,P20338,8,88,"[25, 25, 16, 3, 0, 2, 0]"
494,P20339,21,84,"[25, 25, 4, 4, 3, 3, 0]"
495,P20340,13,79,"[25, 25, 1, 2, 7, 2, 2]"
496,P20449,10,83,"[25, 25, 20, 4, 5, 0, 0]"
497,P20718,15,83,"[25, 18, 11, 5, 1, 0, 0]"
498,P20813,28,77,"[25, 25, 15, 1, 8, 0, 0]"
499,P21164,20,81,"[1, 25, 25, 25, 3, 0, 0]"
500,P21279,14,93,"[25, 25, 25, 1, 2, 7, 1]"
501,P21310,9,112,"[25, 25, 25, 22, 6, 5, 0]"
502,P21645,21,83,"[25, 25, 14, 14, 1, 3, 0]"
503,P21871,7,158,"[25, 25, 25, 25, 16, 18, 0]"
504,P21888,5,127,"[25, 25, 25, 19, 22, 10, 1]"
505,P21889,6,120,"[13, 25, 25, 25, 20, 6, 4]"
506,P22029,5,84,"[25, 25, 25, 5, 0, 1, 0]"
507,P22030,5,80,"[25, 25, 25, 1, 0, 0, 0]"
508,P22259,11,87,"[0, 25, 23, 10, 13, 12, 3]"
509,P22392,30,123,"[25, 25, 25, 25, 1, 4, 5]"
510,P22450,66,84,"[25, 25, 25, 0, 0, 3, 1]"
511,P22512,13,90,"[25, 25, 25, 1, 0, 2, 1]"
512,P22513,20,91,"[25, 25, 25, 1, 0, 2, 1]"
513,P22887,65,111,"[18, 25, 25, 25, 4, 0, 0]"
514,P23367,24,71,"[25, 25, 7, 7, 2, 4, 1]"
515,P23457,5,76,"[25, 25, 5, 13, 5, 0, 0]"
516,P23526,21,89,"[1, 25, 25, 25, 8, 2, 0]"
517,P23638,494,73,"[25, 25, 8, 1, 0, 0, 0]"
518,P23807,9,92,"[25, 25, 25, 9, 0, 4, 1]"
519,P23909,43,126,"[25, 25, 25, 25, 15, 7, 3]"
520,P23946,24,89,"[25, 13, 14, 4, 5, 1, 0]"
521,P24186,13,136,"[25, 25, 25, 25, 23, 8, 3]"
522,P24224,24,94,"[25, 25, 25, 2, 6, 4, 2]"
523,P24301,7,98,"[25, 25, 25, 10, 7, 2, 1]"
524,P24316,8,84,"[25, 25, 25, 6, 0, 0, 0]"
525,P24630,17,105,"[15, 25, 25, 4, 22, 11, 0]"
526,P24941,485,138,"[25, 25, 25, 25, 2, 2, 1]"
527,P25156,133,81,"[25, 25, 15, 0, 1, 0, 1]"
528,P25321,56,105,"[25, 25, 7, 0, 2, 2, 1]"
529,P25522,11,126,"[25, 25, 25, 17, 25, 6, 3]"
530,P25714,5,84,"[25, 25, 25, 0, 5, 2, 2]"
531,P25745,5,138,"[25, 25, 25, 25, 25, 9, 4]"
532,P25787,39,75,"[25, 25, 2, 6, 1, 0, 1]"
533,P25856,26,87,"[9, 25, 25, 2, 8, 4, 1]"
534,P26196,11,86,"[25, 20, 0, 24, 8, 0, 0]"
535,P27142,7,110,"[25, 25, 25, 19, 6, 1, 2]"
536,P27150,21,86,"[25, 25, 25, 7, 1, 0, 0]"
537,P27248,11,104,"[25, 25, 25, 13, 11, 3, 2]"
538,P27362,8,96,"[25, 25, 20, 24, 0, 0, 0]"
539,P27997,8,93,"[22, 0, 25, 7, 25, 7, 1]"
540,P28061,147,73,"[25, 25, 12, 0, 1, 0, 0]"
541,P28066,39,73,"[25, 25, 1, 7, 1, 0, 0]"
542,P28185,6,116,"[25, 25, 24, 20, 10, 1, 0]"
543,P28248,34,89,"[25, 25, 2, 5, 21, 4, 6]"
544,P28366,13,91,"[13, 25, 25, 22, 2, 1, 2]"
545,P28482,104,98,"[25, 25, 25, 0, 1, 2, 1]"
546,P28619,13,72,"[13, 2, 25, 25, 4, 2, 1]"
547,P28650,11,94,"[25, 25, 25, 8, 6, 3, 1]"
548,P28720,148,76,"[11, 25, 25, 13, 2, 0, 0]"
549,P28777,5,79,"[25, 25, 25, 2, 0, 0, 0]"
550,P28790,8,87,"[25, 25, 0, 25, 2, 1, 4]"
551,P29255,7,71,"[2, 25, 1, 1, 14, 25, 1]"
552,P29395,14,125,"[19, 25, 25, 25, 25, 2, 0]"
553,P29396,26,88,"[5, 25, 25, 25, 6, 0, 0]"
554,P30074,25,82,"[3, 2, 5, 25, 18, 25, 4]"
555,P30405,43,87,"[0, 14, 25, 25, 15, 1, 1]"
556,P30750,16,89,"[25, 25, 24, 10, 1, 3, 1]"
557,P31057,10,117,"[25, 25, 25, 25, 8, 3, 3]"
558,P31153,20,85,"[2, 25, 25, 25, 6, 1, 0]"
559,P32119,40,83,"[25, 12, 8, 18, 8, 0, 2]"
560,P32297,15,71,"[25, 25, 4, 9, 0, 1, 2]"
561,P32379,496,74,"[25, 25, 3, 5, 0, 0, 0]"
562,P32905,9,84,"[4, 3, 25, 24, 16, 9, 2]"
563,P32939,8,92,"[25, 25, 12, 10, 0, 0, 0]"
564,P33038,85,119,"[14, 25, 25, 25, 15, 8, 5]"
565,P33221,14,81,"[0, 17, 25, 25, 10, 4, 0]"
566,P33442,7,93,"[17, 6, 25, 25, 12, 4, 3]"
567,P33517,14,74,"[20, 25, 25, 1, 1, 1, 0]"
568,P34760,10,73,"[25, 7, 19, 11, 1, 1, 0]"
569,P34897,9,87,"[25, 25, 25, 7, 0, 0, 3]"
570,P35031,10,116,"[25, 25, 2, 19, 1, 0, 0]"
571,P36238,16,108,"[25, 25, 25, 25, 4, 0, 0]"
572,P36873,13,79,"[12, 25, 2, 5, 17, 13, 2]"
573,P36979,8,122,"[25, 25, 25, 10, 24, 9, 4]"
574,P37527,18,73,"[0, 1, 25, 25, 7, 13, 0]"
575,P37528,16,83,"[21, 25, 25, 6, 4, 2, 0]"
576,P37945,9,71,"[14, 25, 25, 4, 1, 0, 0]"
577,P37954,6,72,"[0, 3, 25, 25, 14, 4, 1]"
578,P38424,5,109,"[25, 25, 25, 23, 8, 2, 1]"
579,P38502,6,86,"[13, 25, 25, 17, 0, 3, 0]"
580,P38919,15,109,"[25, 25, 2, 25, 15, 7, 1]"
581,P39070,26,83,"[0, 13, 25, 22, 10, 8, 2]"
582,P39207,6,116,"[25, 25, 25, 21, 0, 8, 0]"
583,P39748,15,102,"[25, 25, 25, 18, 7, 1, 0]"
584,P40303,494,78,"[25, 25, 13, 1, 0, 0, 0]"
585,P40394,12,85,"[9, 25, 21, 22, 6, 2, 0]"
586,P40616,8,87,"[25, 25, 25, 3, 2, 0, 0]"
587,P40732,18,75,"[25, 25, 8, 10, 1, 0, 1]"
588,P41007,10,72,"[2, 11, 25, 25, 6, 1, 1]"
589,P41022,12,82,"[0, 5, 25, 25, 25, 0, 0]"
590,P41201,6,88,"[6, 25, 25, 25, 2, 0, 1]"
591,P41208,8,98,"[25, 20, 25, 1, 5, 3, 0]"
592,P41407,8,78,"[25, 25, 12, 9, 1, 4, 1]"
593,P41977,8,83,"[25, 25, 17, 7, 0, 1, 0]"
594,P42085,6,73,"[1, 23, 25, 17, 6, 1, 0]"
595,P42321,9,79,"[14, 25, 23, 11, 3, 0, 0]"
596,P42330,62,78,"[25, 25, 4, 6, 9, 4, 0]"
597,P42980,12,85,"[1, 25, 25, 23, 8, 1, 0]"
598,P43772,42,90,"[0, 1, 25, 25, 25, 9, 2]"
599,P43773,32,115,"[10, 21, 25, 25, 25, 7, 1]"
600,P43813,10,109,"[25, 25, 25, 25, 4, 3, 0]"
601,P43877,12,83,"[0, 25, 25, 25, 3, 1, 0]"
602,P43889,14,110,"[25, 25, 25, 25, 5, 2, 0]"
603,P43890,6,107,"[16, 25, 25, 11, 19, 7, 0]"
604,P43895,5,84,"[25, 25, 25, 8, 0, 0, 0]"
605,P43912,49,124,"[25, 25, 25, 12, 21, 14, 1]"
606,P44007,6,92,"[25, 22, 1, 14, 25, 5, 0]"
607,P44427,10,83,"[25, 3, 16, 7, 25, 2, 1]"
608,P44490,7,106,"[25, 25, 25, 25, 5, 0, 0]"
609,P44514,6,110,"[25, 25, 25, 25, 7, 1, 0]"
610,P44815,20,129,"[25, 25, 25, 25, 17, 7, 0]"
611,P44853,12,84,"[25, 25, 25, 1, 4, 3, 0]"
612,P44859,6,119,"[25, 25, 25, 17, 19, 6, 0]"
613,P45066,8,108,"[25, 25, 25, 25, 0, 7, 0]"
614,P45352,6,106,"[25, 25, 25, 17, 4, 2, 0]"
615,P45568,29,107,"[25, 25, 25, 21, 6, 1, 0]"
616,P45718,11,126,"[25, 25, 25, 15, 4, 5, 4]"
617,P45720,9,128,"[25, 25, 24, 13, 10, 6, 1]"
618,P46926,6,92,"[25, 25, 9, 25, 4, 2, 0]"
619,P47205,42,106,"[19, 25, 25, 20, 10, 2, 4]"
620,P47547,5,75,"[0, 25, 25, 12, 1, 0, 1]"
621,P47811,38,110,"[25, 25, 25, 6, 3, 4, 0]"
622,P47895,8,98,"[25, 25, 13, 13, 6, 0, 1]"
623,P48247,6,105,"[19, 25, 25, 25, 2, 5, 2]"
624,P48499,8,86,"[25, 25, 25, 2, 0, 0, 0]"
625,P48650,11,107,"[25, 25, 25, 16, 1, 1, 1]"
626,P49410,5,77,"[25, 3, 25, 15, 0, 0, 1]"
627,P49722,12,72,"[25, 25, 2, 6, 1, 0, 1]"
628,P50033,11,84,"[25, 16, 16, 4, 10, 12, 0]"
629,P50247,8,91,"[1, 25, 25, 25, 10, 2, 0]"
630,P50743,11,112,"[25, 25, 25, 20, 12, 3, 2]"
631,P50921,16,88,"[25, 25, 6, 15, 0, 3, 0]"
632,P51149,6,98,"[25, 25, 6, 17, 3, 0, 0]"
633,P51668,17,82,"[25, 25, 4, 4, 10, 4, 1]"
634,P51812,11,88,"[25, 25, 5, 0, 4, 4, 0]"
635,P51857,28,79,"[25, 25, 21, 1, 1, 2, 0]"
636,P51977,14,102,"[25, 25, 14, 8, 4, 6, 3]"
637,P52011,5,130,"[25, 25, 25, 25, 20, 2, 0]"
638,P52174,6,125,"[25, 25, 25, 25, 3, 5, 4]"
639,P52270,15,78,"[25, 25, 18, 1, 1, 0, 0]"
640,P52895,32,80,"[25, 25, 6, 6, 8, 3, 1]"
641,P54030,5,87,"[25, 25, 12, 13, 7, 0, 0]"
642,P54155,8,88,"[11, 25, 25, 21, 4, 0, 1]"
643,P54375,8,92,"[7, 25, 25, 15, 11, 2, 0]"
644,P54651,9,82,"[25, 25, 2, 25, 0, 0, 0]"
645,P54652,10,124,"[0, 25, 25, 25, 25, 16, 1]"
646,P56029,7,84,"[13, 25, 25, 13, 4, 1, 0]"
647,P56106,8,77,"[10, 25, 25, 3, 9, 1, 0]"
648,P56156,44,129,"[23, 25, 25, 25, 11, 2, 0]"
649,P56210,11,146,"[25, 21, 25, 25, 25, 19, 2]"
650,P56220,7,82,"[0, 0, 14, 25, 25, 12, 6]"
651,P56533,8,96,"[25, 25, 25, 2, 2, 2, 0]"
652,P56649,14,128,"[25, 25, 18, 25, 25, 1, 0]"
653,P56981,6,72,"[0, 0, 25, 25, 18, 4, 0]"
654,P58399,8,126,"[25, 25, 25, 14, 15, 4, 4]"
655,P59071,65,124,"[25, 25, 25, 25, 5, 2, 2]"
656,P59846,28,103,"[25, 25, 25, 25, 3, 0, 0]"
657,P60043,6,111,"[25, 25, 25, 8, 6, 9, 0]"
658,P60045,15,126,"[25, 25, 25, 19, 9, 7, 3]"
659,P60174,36,107,"[25, 25, 22, 16, 2, 6, 3]"
660,P60338,9,95,"[25, 2, 8, 25, 25, 3, 0]"
661,P60339,8,95,"[25, 2, 8, 25, 25, 3, 0]"
662,P60405,8,78,"[3, 14, 25, 25, 7, 0, 0]"
663,P60422,106,130,"[2, 25, 25, 25, 25, 20, 3]"
664,P60430,7,99,"[6, 6, 25, 25, 25, 6, 1]"
665,P60438,106,136,"[18, 25, 25, 25, 25, 9, 5]"
666,P60472,39,83,"[25, 25, 19, 9, 2, 0, 1]"
667,P60489,9,78,"[2, 21, 25, 25, 2, 0, 0]"
668,P60491,8,95,"[16, 25, 25, 25, 0, 0, 0]"
669,P60493,12,84,"[0, 5, 25, 25, 25, 0, 0]"
670,P60524,7,179,"[25, 25, 25, 23, 25, 25, 6]"
671,P60529,6,180,"[25, 25, 25, 25, 22, 25, 8]"
672,P60546,18,105,"[25, 25, 25, 23, 0, 4, 0]"
673,P60615,22,83,"[0, 23, 25, 25, 2, 3, 0]"
674,P60616,11,84,"[0, 24, 25, 25, 2, 3, 0]"
675,P60624,109,133,"[23, 25, 25, 25, 17, 13, 1]"
676,P60706,12,143,"[25, 25, 10, 11, 10, 25, 25]"
677,P60709,22,143,"[25, 25, 10, 11, 10, 25, 25]"
678,P60712,5,143,"[25, 25, 10, 11, 10, 25, 25]"
679,P60723,105,126,"[25, 25, 25, 22, 5, 16, 4]"
680,P60752,8,86,"[25, 25, 7, 13, 1, 4, 0]"
681,P60753,8,86,"[25, 25, 7, 13, 1, 4, 0]"
682,P60763,14,120,"[25, 21, 25, 25, 5, 4, 2]"
683,P60775,7,81,"[0, 23, 25, 9, 17, 4, 0]"
684,P60785,7,137,"[9, 25, 25, 25, 25, 20, 8]"
685,P60842,6,115,"[25, 25, 5, 25, 25, 1, 0]"
686,P60906,8,118,"[25, 25, 25, 25, 7, 6, 4]"
687,P60908,8,118,"[25, 25, 25, 25, 7, 6, 4]"
688,P60953,55,105,"[25, 21, 25, 19, 4, 4, 1]"
689,P61006,22,120,"[25, 25, 25, 11, 4, 2, 1]"
690,P61077,15,83,"[25, 25, 5, 4, 4, 8, 3]"
691,P61112,20,72,"[25, 14, 16, 6, 0, 3, 1]"
692,P61136,15,94,"[25, 25, 25, 0, 3, 1, 0]"
693,P61175,105,131,"[25, 25, 25, 25, 19, 7, 2]"
694,P61224,25,107,"[25, 17, 25, 8, 2, 1, 2]"
695,P61225,24,104,"[25, 25, 16, 4, 0, 1, 1]"
696,P61227,8,104,"[25, 25, 16, 4, 0, 1, 1]"
697,P61247,11,82,"[16, 3, 24, 25, 12, 0, 1]"
698,P61492,14,93,"[11, 25, 25, 25, 2, 0, 0]"
699,P61493,7,93,"[11, 25, 25, 25, 2, 0, 0]"
700,P61586,66,109,"[25, 25, 25, 4, 3, 5, 3]"
701,P61626,228,98,"[23, 25, 15, 14, 10, 9, 0]"
702,P61823,395,101,"[25, 15, 2, 20, 25, 7, 3]"
703,P61824,25,104,"[25, 15, 4, 21, 25, 7, 3]"
704,P61889,17,87,"[25, 3, 16, 4, 16, 14, 6]"
705,P61941,21,73,"[0, 3, 13, 25, 25, 5, 0]"
706,P62010,9,111,"[25, 25, 5, 25, 22, 2, 3]"
707,P62136,29,74,"[9, 25, 2, 5, 18, 10, 3]"
708,P62149,19,129,"[25, 25, 22, 7, 4, 15, 8]"
709,P62152,14,128,"[25, 25, 22, 7, 4, 12, 10]"
710,P62157,20,129,"[25, 25, 22, 7, 4, 15, 8]"
711,P62195,21,72,"[11, 25, 20, 0, 4, 2, 2]"
712,P62238,20,86,"[25, 25, 25, 4, 3, 0, 2]"
713,P62263,11,84,"[25, 17, 14, 10, 2, 13, 1]"
714,P62330,20,90,"[25, 25, 11, 18, 4, 0, 0]"
715,P62399,105,127,"[19, 25, 25, 25, 19, 7, 2]"
716,P62442,13,108,"[25, 25, 25, 25, 4, 0, 0]"
717,P62491,60,120,"[25, 25, 25, 21, 10, 2, 1]"
718,P62617,38,132,"[21, 25, 25, 25, 20, 8, 3]"
719,P62623,45,121,"[25, 23, 25, 25, 9, 9, 5]"
720,P62653,20,103,"[25, 25, 25, 25, 1, 0, 0]"
721,P62654,20,107,"[25, 25, 25, 25, 2, 0, 0]"
722,P62655,21,80,"[11, 9, 25, 25, 8, 0, 0]"
723,P62656,20,80,"[0, 4, 25, 25, 25, 0, 0]"
724,P62657,20,87,"[8, 25, 25, 25, 0, 0, 0]"
725,P62660,20,104,"[2, 25, 25, 25, 25, 0, 0]"
726,P62663,20,80,"[25, 25, 25, 3, 0, 0, 0]"
727,P62664,20,85,"[25, 25, 25, 8, 0, 0, 0]"
728,P62665,20,79,"[25, 25, 25, 2, 0, 0, 0]"
729,P62668,20,80,"[25, 25, 25, 3, 0, 0, 0]"
730,P62820,20,128,"[25, 25, 25, 7, 8, 6, 1]"
731,P62834,5,112,"[25, 25, 25, 8, 2, 2, 1]"
732,P62837,62,83,"[25, 25, 4, 4, 4, 8, 3]"
733,P62894,17,114,"[15, 17, 18, 25, 8, 19, 7]"
734,P62898,12,110,"[15, 16, 17, 25, 8, 17, 9]"
735,P62937,188,113,"[17, 25, 25, 25, 14, 0, 0]"
736,P62938,8,113,"[17, 25, 25, 25, 14, 0, 0]"
737,P62940,7,113,"[17, 25, 25, 25, 14, 0, 0]"
738,P62942,66,82,"[22, 25, 25, 3, 1, 2, 0]"
739,P63000,53,123,"[25, 20, 25, 25, 10, 5, 3]"
740,P63005,12,71,"[25, 25, 5, 3, 5, 0, 4]"
741,P63018,5,128,"[0, 25, 25, 25, 25, 17, 5]"
742,P63086,46,98,"[25, 25, 25, 0, 0, 3, 2]"
743,P63087,10,79,"[12, 25, 2, 5, 17, 13, 2]"
744,P63096,34,103,"[25, 25, 19, 12, 6, 7, 2]"
745,P63097,5,103,"[25, 25, 19, 12, 6, 7, 2]"
746,P63261,5,143,"[25, 25, 10, 10, 11, 25, 25]"
747,P63284,33,79,"[2, 25, 25, 9, 12, 2, 0]"
748,P63316,46,87,"[25, 25, 14, 4, 0, 0, 0]"
749,P63359,12,86,"[25, 25, 7, 13, 1, 4, 0]"
750,P63411,6,88,"[25, 25, 10, 9, 9, 7, 0]"
751,P63488,6,98,"[25, 25, 25, 17, 1, 2, 2]"
752,P63786,49,129,"[3, 25, 25, 25, 24, 6, 3]"
753,P63788,7,126,"[25, 25, 25, 25, 2, 5, 4]"
754,P63820,12,92,"[25, 25, 25, 5, 3, 1, 0]"
755,P64201,6,113,"[25, 25, 25, 21, 12, 1, 3]"
756,P64373,6,74,"[25, 25, 16, 0, 3, 0, 0]"
757,P65248,21,74,"[25, 25, 17, 0, 3, 0, 0]"
758,P65249,6,74,"[25, 25, 17, 0, 3, 0, 0]"
759,P66035,6,90,"[25, 25, 22, 3, 3, 4, 0]"
760,P66038,30,114,"[25, 25, 25, 18, 5, 8, 1]"
761,P66881,33,95,"[25, 25, 25, 3, 5, 5, 3]"
762,P67775,29,99,"[21, 25, 18, 11, 4, 16, 1]"
763,P68106,11,80,"[25, 25, 21, 3, 1, 2, 0]"
764,P68135,580,134,"[25, 25, 8, 10, 16, 25, 14]"
765,P68137,6,134,"[25, 25, 8, 10, 16, 25, 14]"
766,P68139,8,134,"[25, 25, 8, 10, 16, 25, 14]"
767,P68187,44,73,"[25, 25, 14, 5, 1, 2, 1]"
768,P68363,9,113,"[25, 25, 2, 2, 21, 21, 8]"
769,P68530,77,123,"[5, 25, 25, 11, 17, 23, 17]"
770,P68679,94,100,"[0, 5, 25, 24, 24, 18, 4]"
771,P68767,12,103,"[25, 25, 25, 6, 11, 6, 4]"
772,P68790,7,133,"[25, 25, 25, 25, 25, 2, 3]"
773,P68871,524,185,"[25, 25, 25, 25, 25, 25, 12]"
774,P68919,108,104,"[25, 25, 23, 18, 6, 4, 2]"
775,P69441,22,140,"[25, 25, 25, 25, 25, 7, 1]"
776,P69892,9,154,"[25, 25, 25, 25, 25, 9, 0]"
777,P69905,519,174,"[25, 25, 25, 25, 16, 25, 9]"
778,P72508,36,83,"[25, 16, 15, 3, 15, 8, 0]"
779,P76291,8,83,"[5, 15, 25, 25, 9, 2, 2]"
780,P76461,12,77,"[25, 25, 14, 5, 0, 0, 0]"
781,P77581,14,78,"[25, 25, 9, 9, 0, 2, 0]"
782,P80040,18,89,"[25, 25, 25, 4, 1, 0, 0]"
783,P80043,19,127,"[25, 25, 25, 16, 4, 4, 5]"
784,P80044,19,134,"[25, 25, 25, 18, 9, 6, 4]"
785,P80244,56,135,"[7, 25, 25, 25, 25, 10, 2]"
786,P80276,8,88,"[25, 25, 19, 7, 1, 3, 1]"
787,P80320,9,83,"[11, 25, 25, 18, 1, 0, 0]"
788,P80372,114,80,"[25, 25, 25, 3, 0, 0, 0]"
789,P80373,117,85,"[25, 25, 25, 8, 0, 0, 0]"
790,P80376,115,107,"[25, 25, 25, 25, 2, 0, 0]"
791,P80377,115,80,"[11, 9, 25, 25, 8, 0, 0]"
792,P80378,5,87,"[8, 25, 25, 25, 0, 0, 0]"
793,P80643,5,94,"[2, 25, 25, 25, 5, 6, 2]"
794,P81459,9,116,"[18, 16, 24, 25, 12, 16, 3]"
795,P81708,8,72,"[17, 25, 25, 0, 0, 1, 0]"
796,P81947,124,113,"[25, 25, 2, 2, 21, 21, 8]"
797,P82287,6,126,"[25, 25, 25, 15, 16, 4, 4]"
798,P83512,5,87,"[21, 2, 8, 25, 25, 3, 1]"
799,P84051,12,101,"[0, 4, 10, 23, 25, 21, 12]"
800,P84077,8,93,"[25, 25, 9, 7, 3, 10, 7]"
801,P84078,8,93,"[25, 25, 9, 7, 3, 10, 7]"
802,P84080,8,93,"[25, 25, 9, 7, 3, 10, 7]"
803,P84142,11,77,"[21, 25, 25, 3, 0, 1, 1]"
804,P84155,7,84,"[6, 25, 25, 25, 3, 0, 0]"
805,P84612,20,86,"[25, 25, 20, 4, 4, 0, 0]"
806,P86287,6,134,"[25, 25, 12, 9, 25, 25, 1]"
807,P93343,9,87,"[0, 2, 5, 25, 23, 23, 3]"
808,P93832,20,108,"[25, 25, 25, 24, 0, 2, 1]"
809,P96618,10,76,"[25, 25, 18, 3, 1, 0, 0]"
810,P99999,22,112,"[14, 22, 17, 25, 11, 19, 2]"
811,P9WFR9,22,128,"[25, 25, 25, 25, 14, 4, 2]"
812,P9WFX5,74,74,"[25, 25, 14, 1, 4, 3, 0]"
813,P9WFX7,6,74,"[25, 25, 6, 8, 1, 6, 3]"
814,P9WFX9,44,74,"[17, 2, 25, 25, 1, 2, 0]"
815,P9WG43,6,86,"[25, 25, 7, 6, 2, 6, 1]"
816,P9WGE7,22,73,"[25, 25, 7, 2, 1, 3, 0]"
817,P9WGV3,11,102,"[22, 16, 25, 25, 4, 4, 2]"
818,P9WGY1,8,100,"[25, 25, 25, 12, 2, 7, 2]"
819,P9WGY7,13,91,"[6, 25, 25, 14, 12, 4, 2]"
820,P9WGY9,15,129,"[25, 25, 25, 25, 15, 6, 4]"
821,P9WGZ1,24,100,"[25, 25, 22, 1, 15, 5, 2]"
822,P9WHE9,40,90,"[25, 25, 22, 3, 3, 4, 0]"
823,P9WHK5,6,100,"[21, 25, 25, 11, 8, 3, 3]"
824,P9WHK7,11,79,"[2, 25, 25, 2, 13, 8, 1]"
825,P9WHN7,9,77,"[25, 25, 14, 3, 5, 3, 0]"
826,P9WIL3,8,111,"[11, 25, 25, 25, 16, 6, 0]"
827,P9WIL4,10,87,"[25, 25, 25, 3, 2, 3, 0]"
828,P9WIL5,61,87,"[25, 25, 25, 3, 2, 3, 0]"
829,P9WIL7,5,88,"[22, 25, 25, 6, 2, 5, 0]"
830,P9WIT9,9,88,"[25, 25, 15, 6, 1, 5, 0]"
831,P9WJH7,15,108,"[18, 25, 25, 10, 7, 6, 0]"
832,P9WKK9,8,86,"[25, 25, 1, 14, 6, 6, 0]"
833,P9WMM5,5,84,"[25, 25, 3, 18, 7, 4, 1]"
834,P9WMN3,11,78,"[25, 25, 13, 5, 4, 3, 0]"
835,P9WNS1,38,75,"[25, 25, 12, 2, 3, 3, 0]"
836,P9WNS5,15,81,"[25, 25, 11, 6, 1, 4, 3]"
837,P9WP17,15,86,"[25, 25, 0, 8, 16, 6, 3]"
838,P9WP23,18,72,"[25, 25, 4, 10, 1, 5, 1]"
839,P9WPA5,25,93,"[25, 25, 25, 4, 2, 4, 2]"
840,P9WPC2,22,109,"[25, 25, 25, 8, 2, 3, 2]"
841,P9WPC3,20,109,"[25, 25, 25, 8, 2, 3, 2]"
842,P9WPC4,26,107,"[25, 25, 25, 8, 4, 0, 2]"
843,P9WPC5,58,107,"[25, 25, 25, 8, 4, 0, 2]"
844,P9WPE5,23,103,"[24, 25, 25, 8, 14, 2, 1]"
845,P9WPX7,198,78,"[13, 25, 25, 6, 1, 2, 0]"
846,P9WPY1,7,109,"[25, 25, 21, 24, 4, 7, 1]"
847,P9WPZ9,8,74,"[25, 25, 14, 6, 1, 2, 0]"
848,P9WQ01,6,90,"[25, 25, 9, 19, 3, 5, 1]"
849,Q00534,19,76,"[25, 25, 0, 2, 1, 0, 0]"
850,Q00535,12,111,"[25, 25, 25, 8, 2, 1, 0]"
851,Q01698,12,97,"[25, 2, 9, 25, 25, 3, 0]"
852,Q02F74,5,121,"[0, 25, 23, 6, 25, 25, 11]"
853,Q03532,5,83,"[25, 25, 6, 3, 13, 9, 1]"
854,Q04828,6,80,"[25, 25, 5, 7, 6, 5, 1]"
855,Q04917,6,74,"[0, 2, 25, 25, 14, 2, 0]"
856,Q04JH4,8,105,"[25, 25, 25, 15, 0, 4, 1]"
857,Q04ML5,8,90,"[25, 25, 25, 2, 1, 6, 1]"
858,Q06756,12,115,"[25, 25, 25, 25, 6, 2, 2]"
859,Q06830,10,88,"[25, 17, 14, 11, 7, 3, 0]"
860,Q07296,6,86,"[25, 25, 25, 2, 5, 4, 0]"
861,Q07661,12,114,"[25, 25, 25, 15, 8, 0, 0]"
862,Q07785,8,126,"[25, 25, 25, 19, 1, 1, 1]"
863,Q08637,24,85,"[20, 1, 25, 25, 9, 4, 0]"
864,Q0J8A4,12,139,"[25, 25, 16, 25, 17, 19, 2]"
865,Q0PA35,6,83,"[25, 25, 25, 6, 0, 0, 0]"
866,Q13509,8,110,"[25, 25, 1, 4, 18, 25, 4]"
867,Q14012,6,74,"[25, 25, 0, 5, 1, 1, 1]"
868,Q15418,20,86,"[25, 25, 3, 1, 3, 5, 0]"
869,Q15661,44,109,"[25, 25, 2, 0, 8, 1, 0]"
870,Q15759,5,104,"[25, 25, 20, 6, 6, 0, 0]"
871,Q15822,5,78,"[25, 25, 20, 0, 2, 4, 0]"
872,Q16539,243,113,"[25, 25, 25, 6, 3, 4, 0]"
873,Q16696,37,89,"[25, 25, 25, 1, 4, 3, 2]"
874,Q1CT76,12,130,"[23, 25, 25, 25, 11, 2, 0]"
875,Q1GBJ0,6,79,"[25, 25, 19, 1, 0, 0, 0]"
876,Q1R3B6,28,111,"[0, 0, 25, 25, 25, 25, 6]"
877,Q27890,24,93,"[25, 25, 25, 1, 0, 2, 1]"
878,Q2FW06,6,107,"[25, 25, 25, 23, 0, 3, 2]"
879,Q2FW07,7,108,"[25, 25, 25, 24, 0, 3, 2]"
880,Q2FW08,7,104,"[25, 25, 25, 24, 1, 1, 1]"
881,Q2FW11,7,119,"[25, 25, 25, 25, 15, 0, 2]"
882,Q2FW13,7,105,"[4, 21, 25, 25, 21, 4, 1]"
883,Q2FW14,7,81,"[0, 25, 25, 19, 10, 2, 0]"
884,Q2FW16,7,149,"[18, 25, 25, 25, 25, 20, 7]"
885,Q2FW17,7,109,"[16, 25, 25, 25, 10, 2, 2]"
886,Q2FW18,7,116,"[13, 12, 25, 25, 18, 16, 2]"
887,Q2FW21,7,88,"[10, 25, 25, 20, 1, 2, 1]"
888,Q2FW22,7,109,"[21, 25, 25, 25, 7, 2, 1]"
889,Q2FW33,7,111,"[25, 25, 25, 22, 7, 2, 1]"
890,Q2FW38,7,84,"[4, 25, 25, 21, 2, 1, 3]"
891,Q2FXQ0,6,85,"[0, 25, 25, 25, 7, 1, 1]"
892,Q2FXQ1,6,126,"[25, 25, 25, 25, 15, 3, 3]"
893,Q2FXS8,7,113,"[25, 25, 25, 23, 9, 0, 3]"
894,Q2FXT0,7,118,"[0, 23, 25, 25, 25, 14, 2]"
895,Q2FZ20,6,83,"[7, 25, 25, 18, 1, 2, 2]"
896,Q2FZ42,7,116,"[2, 25, 25, 25, 25, 7, 3]"
897,Q2G036,105,129,"[3, 25, 25, 25, 24, 6, 3]"
898,Q2GIL5,5,80,"[25, 25, 25, 3, 1, 0, 0]"
899,Q2HJ86,26,113,"[25, 25, 2, 3, 21, 20, 7]"
900,Q2RM91,12,82,"[1, 25, 25, 25, 4, 0, 0]"
901,Q2SWE7,6,169,"[25, 25, 25, 25, 25, 23, 3]"
902,Q2SWY6,6,77,"[14, 25, 25, 8, 0, 3, 0]"
903,Q2SWY7,9,79,"[4, 25, 25, 16, 4, 0, 1]"
904,Q2SYZ1,10,96,"[22, 25, 25, 10, 4, 5, 2]"
905,Q2XVP4,135,113,"[25, 25, 2, 2, 21, 21, 8]"
906,Q2YLR9,7,145,"[25, 25, 25, 19, 22, 16, 0]"
907,Q2YSF8,14,129,"[3, 25, 25, 25, 24, 6, 3]"
908,Q31MN3,5,86,"[0, 0, 25, 25, 25, 5, 0]"
909,Q31QJ2,5,104,"[14, 25, 25, 5, 21, 12, 0]"
910,Q3JNW6,57,85,"[0, 0, 24, 25, 25, 6, 0]"
911,Q3JRA0,18,116,"[25, 25, 25, 25, 7, 3, 1]"
912,Q3JWH7,8,119,"[14, 25, 25, 25, 23, 3, 2]"
913,Q45601,8,117,"[25, 25, 25, 25, 13, 2, 0]"
914,Q45Z29,6,115,"[25, 25, 25, 25, 5, 1, 0]"
915,Q46893,11,92,"[25, 25, 25, 7, 1, 2, 3]"
916,Q47155,23,89,"[25, 25, 24, 6, 5, 2, 2]"
917,Q48255,32,75,"[19, 25, 22, 2, 0, 0, 1]"
918,Q4QMV6,8,98,"[25, 25, 25, 17, 4, 0, 0]"
919,Q4USQ8,8,85,"[13, 25, 25, 18, 0, 1, 0]"
920,Q4WLV6,5,86,"[17, 25, 25, 10, 4, 0, 0]"
921,Q51422,5,103,"[14, 25, 25, 25, 8, 3, 2]"
922,Q56218,17,79,"[0, 25, 25, 25, 1, 3, 0]"
923,Q56435,8,81,"[25, 25, 25, 2, 0, 1, 0]"
924,Q57DY1,6,81,"[25, 25, 13, 11, 2, 1, 0]"
925,Q58634,14,81,"[25, 25, 16, 4, 0, 1, 1]"
926,Q58976,19,84,"[25, 25, 25, 4, 0, 0, 0]"
927,Q58998,8,77,"[25, 25, 19, 5, 0, 0, 0]"
928,Q59560,30,92,"[0, 7, 21, 25, 13, 17, 7]"
929,Q59Z17,24,79,"[1, 25, 25, 17, 0, 4, 1]"
930,Q5H2R3,6,81,"[25, 25, 25, 0, 1, 1, 1]"
931,Q5HFV4,38,103,"[22, 25, 25, 8, 2, 2, 0]"
932,Q5HGD2,5,101,"[8, 25, 25, 25, 12, 3, 0]"
933,Q5HGK0,6,91,"[1, 25, 25, 25, 11, 0, 0]"
934,Q5JVG2,13,89,"[25, 25, 25, 6, 0, 0, 0]"
935,Q5KWH6,5,81,"[25, 25, 13, 11, 6, 0, 0]"
936,Q5KWZ7,5,118,"[0, 25, 25, 25, 25, 5, 2]"
937,Q5L0U0,6,81,"[25, 25, 20, 8, 1, 1, 0]"
938,Q5L3Y1,6,82,"[14, 25, 25, 12, 3, 2, 1]"
939,Q5M0B4,8,112,"[25, 25, 25, 25, 8, 1, 0]"
940,Q5MZ48,5,100,"[25, 25, 25, 16, 6, 0, 0]"
941,Q5NF56,6,82,"[25, 25, 25, 3, 1, 0, 0]"
942,Q5NFM5,5,84,"[25, 25, 25, 5, 0, 0, 1]"
943,Q5NH47,36,125,"[8, 25, 25, 25, 25, 0, 0]"
944,Q5SHN3,101,73,"[0, 3, 13, 25, 25, 5, 0]"
945,Q5SHN5,5,109,"[25, 25, 25, 25, 4, 0, 0]"
946,Q5SHN7,114,103,"[25, 25, 25, 25, 1, 0, 0]"
947,Q5SHN8,8,73,"[16, 25, 25, 3, 1, 0, 0]"
948,Q5SHP2,117,104,"[2, 25, 25, 25, 25, 0, 0]"
949,Q5SHP8,8,117,"[14, 25, 25, 25, 25, 0, 0]"
950,Q5SHQ0,8,88,"[6, 25, 25, 25, 2, 0, 1]"
951,Q5SHQ5,116,79,"[25, 25, 25, 2, 0, 0, 0]"
952,Q5SHR1,11,72,"[0, 11, 25, 25, 10, 1, 0]"
953,Q5SIL5,12,78,"[20, 25, 25, 1, 0, 0, 0]"
954,Q5SIY4,39,85,"[25, 25, 25, 0, 0, 0, 1]"
955,Q5SJ76,119,87,"[8, 25, 25, 25, 0, 0, 0]"
956,Q5SJE1,8,78,"[11, 25, 25, 14, 0, 0, 0]"
957,Q5SJH3,114,86,"[25, 25, 25, 4, 3, 0, 2]"
958,Q5SKU2,10,74,"[22, 25, 25, 2, 0, 0, 0]"
959,Q5SKW7,10,77,"[25, 25, 25, 1, 0, 0, 0]"
960,Q5SLI8,8,83,"[25, 15, 25, 16, 0, 0, 0]"
961,Q5SLV5,6,109,"[18, 25, 25, 25, 0, 0, 0]"
962,Q5SM28,12,76,"[25, 25, 25, 1, 0, 0, 0]"
963,Q5XD01,12,115,"[6, 25, 25, 25, 21, 4, 4]"
964,Q60177,14,89,"[25, 25, 15, 8, 2, 0, 0]"
965,Q60187,14,75,"[14, 0, 25, 25, 8, 1, 1]"
966,Q62636,5,107,"[25, 17, 25, 8, 2, 1, 2]"
967,Q63716,12,88,"[25, 17, 12, 14, 6, 3, 0]"
968,Q63F05,5,76,"[25, 12, 25, 11, 0, 1, 1]"
969,Q6B856,168,114,"[25, 25, 2, 2, 18, 25, 9]"
970,Q6GIL6,11,101,"[25, 25, 25, 11, 0, 3, 0]"
971,Q6GIL8,44,88,"[25, 25, 19, 2, 2, 0, 1]"
972,Q6GJI9,15,74,"[25, 25, 17, 0, 3, 0, 0]"
973,Q6N5P6,12,103,"[12, 25, 25, 25, 9, 6, 1]"
974,Q6QAQ1,5,143,"[25, 25, 10, 11, 10, 25, 25]"
975,Q71U36,9,112,"[25, 25, 2, 2, 21, 21, 8]"
976,Q72GS2,8,86,"[9, 25, 25, 25, 0, 0, 0]"
977,Q72GV9,10,86,"[25, 25, 25, 7, 1, 0, 0]"
978,Q72H18,5,86,"[25, 20, 25, 14, 0, 0, 0]"
979,Q72HR3,18,80,"[0, 6, 25, 25, 20, 0, 0]"
980,Q72I01,8,109,"[25, 25, 25, 25, 4, 0, 0]"
981,Q72I04,18,73,"[16, 25, 25, 3, 1, 0, 0]"
982,Q72I07,18,78,"[3, 14, 25, 25, 7, 0, 0]"
983,Q72I09,26,97,"[25, 25, 25, 20, 0, 0, 0]"
984,Q72I11,18,78,"[4, 18, 25, 25, 3, 0, 0]"
985,Q72I14,18,119,"[16, 25, 25, 25, 25, 0, 0]"
986,Q72I15,18,81,"[25, 25, 25, 2, 0, 1, 0]"
987,Q72I16,18,88,"[6, 25, 25, 25, 2, 0, 1]"
988,Q72I19,18,84,"[25, 25, 25, 6, 0, 0, 0]"
989,Q72I20,18,83,"[11, 25, 25, 18, 1, 0, 0]"
990,Q72I33,18,79,"[20, 25, 25, 6, 0, 0, 0]"
991,Q72JR0,18,78,"[11, 25, 25, 14, 0, 0, 0]"
992,Q72L76,18,95,"[16, 25, 25, 25, 0, 0, 0]"
993,Q75I93,42,74,"[25, 25, 12, 4, 1, 0, 0]"
994,Q7LZ71,6,103,"[25, 25, 20, 20, 6, 2, 0]"
995,Q7MHL9,6,131,"[25, 25, 25, 25, 20, 8, 0]"
996,Q7NGR7,6,92,"[25, 25, 25, 5, 0, 0, 0]"
997,Q7P0E6,12,79,"[25, 25, 25, 4, 0, 0, 0]"
998,Q7VYU0,14,71,"[25, 25, 19, 2, 0, 0, 0]"
999,Q7XKV4,6,87,"[25, 25, 25, 2, 1, 2, 0]"
1000,Q818Z9,60,73,"[1, 25, 25, 13, 6, 2, 0]"
1001,Q81EP4,6,101,"[25, 25, 25, 14, 0, 1, 0]"
1002,Q81LV7,8,93,"[25, 25, 25, 3, 0, 11, 2]"
1003,Q81M99,5,87,"[25, 25, 25, 1, 0, 0, 0]"
1004,Q81RP3,8,91,"[25, 25, 25, 10, 4, 0, 1]"
1005,Q81WK5,6,73,"[0, 3, 25, 21, 12, 8, 1]"
1006,Q830Y9,8,94,"[19, 14, 25, 23, 11, 0, 0]"
1007,Q834R3,12,100,"[16, 25, 25, 12, 11, 0, 0]"
1008,Q836J0,6,81,"[25, 25, 24, 6, 0, 0, 0]"
1009,Q837V6,14,81,"[25, 25, 25, 4, 0, 0, 0]"
1010,Q83DJ2,9,124,"[25, 25, 25, 25, 7, 0, 0]"
1011,Q83LS2,5,94,"[21, 17, 25, 23, 3, 3, 1]"
1012,Q88P88,8,105,"[15, 25, 25, 25, 7, 4, 2]"
1013,Q88QP8,7,113,"[25, 3, 12, 25, 25, 14, 3]"
1014,Q8AXY1,7,136,"[25, 25, 25, 25, 15, 5, 1]"
1015,Q8CST1,6,86,"[8, 25, 25, 20, 1, 2, 2]"
1016,Q8D8W6,8,91,"[25, 25, 25, 8, 2, 5, 0]"
1017,Q8DBF5,10,110,"[25, 25, 25, 25, 5, 0, 0]"
1018,Q8DCF5,16,118,"[25, 25, 25, 25, 7, 4, 0]"
1019,Q8DEM0,26,108,"[25, 25, 25, 25, 3, 3, 0]"
1020,Q8DIS5,12,127,"[25, 0, 25, 17, 25, 25, 2]"
1021,Q8DTU0,6,86,"[25, 25, 25, 2, 0, 7, 1]"
1022,Q8E9N3,12,98,"[25, 25, 25, 15, 2, 0, 0]"
1023,Q8EE30,5,93,"[5, 25, 25, 25, 6, 3, 2]"
1024,Q8EVF5,8,73,"[25, 25, 15, 0, 1, 0, 0]"
1025,Q8L7J2,5,76,"[25, 25, 17, 1, 2, 0, 0]"
1026,Q8L940,28,72,"[0, 0, 21, 25, 15, 4, 2]"
1027,Q8NHY6,13,79,"[25, 25, 25, 0, 1, 0, 0]"
1028,Q8NS38,6,116,"[15, 25, 25, 25, 11, 2, 1]"
1029,Q8RDI4,13,102,"[25, 25, 25, 25, 0, 1, 0]"
1030,Q8RQE9,89,84,"[25, 25, 25, 5, 0, 0, 1]"
1031,Q8RR57,10,78,"[25, 25, 25, 2, 0, 0, 0]"
1032,Q8T6T2,13,79,"[25, 25, 25, 1, 0, 0, 0]"
1033,Q8U093,64,83,"[25, 0, 25, 25, 4, 1, 1]"
1034,Q8WTR7,14,86,"[25, 25, 25, 1, 0, 0, 0]"
1035,Q8X9M2,12,136,"[21, 25, 25, 25, 24, 10, 2]"
1036,Q8Y5X1,10,97,"[25, 25, 25, 18, 0, 0, 0]"
1037,Q8ZH62,5,105,"[25, 25, 25, 17, 8, 1, 0]"
1038,Q8ZIE7,22,89,"[25, 25, 25, 3, 4, 2, 0]"
1039,Q8ZKF6,18,99,"[11, 25, 25, 25, 7, 4, 2]"
1040,Q8ZMF7,8,129,"[20, 25, 25, 25, 19, 9, 1]"
1041,Q90249,20,138,"[25, 25, 25, 25, 15, 7, 2]"
1042,Q90282,6,82,"[25, 3, 12, 25, 12, 4, 0]"
1043,Q90VW1,6,81,"[0, 23, 25, 9, 18, 3, 0]"
1044,Q90WA1,6,87,"[4, 21, 13, 23, 25, 1, 0]"
1045,Q91WR5,18,74,"[25, 22, 4, 8, 10, 1, 0]"
1046,Q921J2,6,71,"[25, 14, 6, 1, 0, 0, 0]"
1047,Q939D2,89,85,"[0, 0, 24, 25, 25, 6, 0]"
1048,Q940H6,13,71,"[25, 19, 0, 2, 17, 2, 0]"
1049,Q94FV7,6,72,"[4, 0, 24, 25, 18, 0, 0]"
1050,Q96533,8,71,"[9, 9, 25, 24, 0, 0, 3]"
1051,Q96SE7,16,103,"[25, 25, 25, 23, 0, 0, 0]"
1052,Q97R46,8,87,"[25, 25, 25, 1, 7, 1, 0]"
1053,Q97SR4,8,80,"[25, 25, 23, 2, 2, 0, 0]"
1054,Q99P58,6,78,"[25, 25, 0, 0, 1, 0, 2]"
1055,Q99U17,6,91,"[25, 25, 16, 13, 8, 1, 0]"
1056,Q9AC32,7,111,"[9, 25, 25, 25, 22, 2, 0]"
1057,Q9AIU7,7,92,"[25, 25, 25, 10, 2, 3, 0]"
1058,Q9BY32,12,78,"[25, 14, 16, 16, 3, 0, 3]"
1059,Q9DF33,6,112,"[25, 25, 25, 25, 4, 0, 0]"
1060,Q9DGB9,6,73,"[25, 3, 6, 25, 8, 3, 1]"
1061,Q9H0U4,19,128,"[25, 25, 25, 10, 10, 3, 1]"
1062,Q9HKI3,30,74,"[25, 8, 25, 10, 1, 1, 0]"
1063,Q9HTJ1,38,112,"[25, 25, 17, 5, 16, 7, 0]"
1064,Q9HTN2,12,116,"[25, 25, 25, 25, 6, 1, 6]"
1065,Q9HUM0,60,121,"[0, 25, 23, 6, 25, 25, 11]"
1066,Q9HVC3,13,95,"[25, 25, 25, 13, 0, 5, 0]"
1067,Q9HW02,8,108,"[25, 25, 25, 25, 1, 6, 0]"
1068,Q9HXY7,6,74,"[4, 25, 25, 8, 2, 6, 0]"
1069,Q9HZM7,5,73,"[25, 25, 17, 5, 0, 0, 0]"
1070,Q9HZN8,17,92,"[25, 25, 25, 2, 2, 8, 0]"
1071,Q9I0A3,10,94,"[12, 25, 25, 25, 2, 4, 0]"
1072,Q9I0A4,10,75,"[25, 25, 20, 0, 3, 1, 0]"
1073,Q9I4W3,12,103,"[25, 25, 25, 17, 1, 3, 0]"
1074,Q9I5Q5,12,75,"[25, 25, 19, 5, 0, 1, 0]"
1075,Q9I6D1,6,115,"[25, 25, 25, 25, 3, 1, 3]"
1076,Q9I7A8,7,101,"[25, 25, 25, 12, 4, 3, 2]"
1077,Q9I834,6,135,"[25, 25, 25, 25, 14, 4, 4]"
1078,Q9I840,6,98,"[25, 25, 25, 17, 2, 0, 0]"
1079,Q9I841,6,72,"[25, 12, 25, 5, 0, 0, 0]"
1080,Q9IAT9,14,124,"[25, 25, 25, 11, 18, 4, 3]"
1081,Q9JYL2,8,102,"[25, 25, 25, 25, 0, 0, 0]"
1082,Q9JZ38,28,131,"[12, 25, 25, 25, 25, 1, 0]"
1083,Q9JZ55,69,76,"[0, 25, 3, 25, 20, 0, 0]"
1084,Q9JZW6,10,94,"[25, 25, 25, 16, 0, 0, 0]"
1085,Q9KAC3,5,72,"[25, 25, 20, 2, 0, 0, 0]"
1086,Q9KKP2,12,79,"[0, 25, 12, 25, 11, 4, 0]"
1087,Q9KKS5,7,100,"[25, 25, 6, 16, 14, 9, 3]"
1088,Q9KPB6,8,86,"[25, 25, 25, 2, 5, 0, 0]"
1089,Q9KPM0,23,78,"[1, 10, 25, 8, 19, 8, 2]"
1090,Q9KQ21,16,115,"[25, 25, 25, 25, 8, 4, 0]"
1091,Q9KQ52,6,113,"[25, 25, 25, 25, 7, 4, 0]"
1092,Q9KQH7,13,94,"[25, 25, 13, 1, 2, 1, 0]"
1093,Q9KRB0,5,132,"[25, 25, 25, 20, 25, 8, 0]"
1094,Q9KTK0,21,76,"[0, 21, 25, 25, 3, 2, 0]"
1095,Q9KVT3,5,86,"[25, 25, 25, 3, 5, 0, 0]"
1096,Q9KWU7,23,83,"[25, 25, 25, 4, 0, 0, 1]"
1097,Q9N1E2,14,107,"[25, 25, 25, 25, 0, 3, 2]"
1098,Q9NZK7,8,81,"[25, 25, 17, 0, 0, 1, 0]"
1099,Q9NZL3,16,95,"[25, 25, 25, 7, 2, 1, 0]"
1100,Q9P996,7,88,"[25, 25, 17, 7, 2, 0, 0]"
1101,Q9PF20,12,85,"[25, 25, 25, 4, 2, 0, 0]"
1102,Q9PLW0,9,89,"[25, 25, 25, 8, 0, 0, 0]"
1103,Q9R4E4,7,89,"[25, 25, 25, 5, 2, 3, 2]"
1104,Q9RE09,13,76,"[25, 19, 25, 6, 1, 0, 0]"
1105,Q9RHV9,12,96,"[14, 25, 25, 17, 13, 0, 0]"
1106,Q9RQI6,14,125,"[9, 25, 25, 25, 19, 5, 0]"
1107,Q9RSJ5,27,78,"[22, 25, 25, 1, 0, 0, 2]"
1108,Q9RSL2,27,99,"[18, 25, 25, 25, 1, 1, 0]"
1109,Q9RSL3,27,81,"[25, 25, 25, 1, 0, 2, 0]"
1110,Q9RSS7,24,112,"[25, 25, 25, 25, 5, 0, 2]"
1111,Q9RSW7,28,83,"[13, 25, 25, 14, 0, 0, 2]"
1112,Q9RUV2,14,91,"[22, 25, 25, 12, 0, 0, 0]"
1113,Q9RW44,13,82,"[25, 25, 25, 3, 0, 2, 0]"
1114,Q9RXJ0,27,87,"[12, 18, 25, 25, 2, 0, 1]"
1115,Q9RXJ1,28,83,"[25, 25, 25, 3, 0, 2, 0]"
1116,Q9RXJ2,27,105,"[25, 25, 25, 25, 2, 0, 0]"
1117,Q9RXJ5,30,77,"[5, 16, 25, 25, 3, 0, 0]"
1118,Q9RXJ7,33,87,"[25, 25, 25, 8, 0, 2, 0]"
1119,Q9RXJ9,27,87,"[5, 25, 25, 25, 1, 0, 2]"
1120,Q9RXK0,29,73,"[25, 25, 18, 1, 1, 1, 0]"
1121,Q9RY65,29,87,"[0, 15, 25, 25, 16, 2, 0]"
1122,Q9S400,12,79,"[25, 25, 16, 6, 5, 0, 0]"
1123,Q9SN68,9,94,"[25, 25, 5, 6, 3, 0, 1]"
1124,Q9SP37,6,100,"[23, 16, 25, 25, 0, 2, 6]"
1125,Q9STG6,12,75,"[25, 25, 10, 8, 4, 0, 0]"
1126,Q9UXT7,6,84,"[25, 25, 25, 2, 0, 4, 2]"
1127,Q9WYB1,10,85,"[11, 25, 25, 17, 4, 0, 0]"
1128,Q9WYD1,20,85,"[25, 2, 25, 25, 5, 0, 0]"
1129,Q9WZK0,6,85,"[25, 25, 25, 1, 0, 1, 0]"
1130,Q9X017,5,77,"[25, 25, 25, 1, 0, 0, 1]"
1131,Q9X0C6,39,87,"[25, 25, 25, 9, 0, 0, 1]"
1132,Q9Y697,21,78,"[15, 17, 25, 18, 1, 0, 1]"
1133,Q9YAV0,11,81,"[25, 4, 25, 13, 5, 1, 0]"
1134,Q9Z2U0,12,81,"[25, 25, 7, 6, 2, 2, 2]"
1135,Q9Z2U1,12,73,"[25, 25, 1, 7, 1, 0, 0]"
1136,Q9Z462,7,88,"[0, 0, 25, 25, 25, 7, 1]"
1137,Q9Z9H5,20,79,"[20, 25, 25, 6, 0, 0, 0]"
1138,Q9ZCW5,18,75,"[16, 25, 25, 4, 0, 0, 3]"
1139,Q9ZNA2,10,78,"[25, 25, 25, 0, 0, 2, 0]"
